/*
Navicat MySQL Data Transfer

Source Server         : local
Source Server Version : 50727
Source Host           : localhost:3306
Source Database       : demo

Target Server Type    : MYSQL
Target Server Version : 50727
File Encoding         : 65001

Date: 2020-06-02 15:30:24
*/

SET FOREIGN_KEY_CHECKS=0;

-- ----------------------------
-- Table structure for `pms_brand`
-- ----------------------------
DROP TABLE IF EXISTS `pms_brand`;
CREATE TABLE `pms_brand` (
  `id` bigint(32) NOT NULL AUTO_INCREMENT,
  `name` varchar(32) DEFAULT NULL,
  `firstLetter` varchar(32) DEFAULT NULL,
  `sort` int(32) DEFAULT NULL,
  `factoryStatus` int(32) DEFAULT NULL,
  `showStatus` int(32) DEFAULT NULL,
  `productCount` int(32) DEFAULT NULL,
  `productCommentCount` int(32) DEFAULT NULL,
  `logo` varchar(32) DEFAULT NULL,
  `bigPic` varchar(32) DEFAULT NULL,
  `brandStory` varchar(32) DEFAULT NULL,
  PRIMARY KEY (`id`)
) ENGINE=InnoDB DEFAULT CHARSET=utf8;

-- ----------------------------
-- Records of pms_brand
-- ----------------------------

-- ----------------------------
-- Table structure for `ums_admin`
-- ----------------------------
DROP TABLE IF EXISTS `ums_admin`;
CREATE TABLE `ums_admin` (
  `id` bigint(20) NOT NULL AUTO_INCREMENT,
  `username` varchar(64) DEFAULT NULL,
  `password` varchar(64) DEFAULT NULL,
  `icon` varchar(500) DEFAULT NULL COMMENT '头像',
  `email` varchar(100) DEFAULT NULL COMMENT '邮箱',
  `nick_name` varchar(200) DEFAULT NULL COMMENT '昵称',
  `note` varchar(500) DEFAULT NULL COMMENT '备注信息',
  `create_time` datetime DEFAULT NULL COMMENT '创建时间',
  `login_time` datetime DEFAULT NULL COMMENT '最后登录时间',
  `status` int(1) DEFAULT '1' COMMENT '帐号启用状态：0->禁用；1->启用',
  PRIMARY KEY (`id`)
) ENGINE=InnoDB AUTO_INCREMENT=9 DEFAULT CHARSET=utf8 COMMENT='后台用户表';

-- ----------------------------
-- Records of ums_admin
-- ----------------------------
INSERT INTO `ums_admin` VALUES ('1', 'test', '$2a$10$NZ5o7r2E.ayT2ZoxgjlI.eJ6OEYqjH7INR/F.mXDbjZJi9HF0YCVG', 'http://macro-oss.oss-cn-shenzhen.aliyuncs.com/mall/images/20180607/timg.jpg', 'test@qq.com', '测试账号', null, '2018-09-29 13:55:30', '2018-09-29 13:55:39', '1');
INSERT INTO `ums_admin` VALUES ('3', 'admin', '$2a$10$.E1FokumK5GIXWgKlg.Hc.i/0/2.qdAwYFL1zc5QHdyzpXOr38RZO', 'http://macro-oss.oss-cn-shenzhen.aliyuncs.com/mall/images/20180607/timg.jpg', 'admin@163.com', '系统管理员', '系统管理员', '2018-10-08 13:32:47', '2019-04-20 12:45:16', '1');
INSERT INTO `ums_admin` VALUES ('4', 'macro', '$2a$10$Bx4jZPR7GhEpIQfefDQtVeS58GfT5n6mxs/b4nLLK65eMFa16topa', 'string', 'macro@qq.com', 'macro', 'macro专用', '2019-10-06 15:53:51', '2020-02-03 14:55:55', '1');
INSERT INTO `ums_admin` VALUES ('6', 'productAdmin', '$2a$10$6/.J.p.6Bhn7ic4GfoB5D.pGd7xSiD1a9M6ht6yO0fxzlKJPjRAGm', null, 'product@qq.com', '商品管理员', '只有商品权限', '2020-02-07 16:15:08', null, '1');
INSERT INTO `ums_admin` VALUES ('7', 'orderAdmin', '$2a$10$UqEhA9UZXjHHA3B.L9wNG.6aerrBjC6WHTtbv1FdvYPUI.7lkL6E.', null, 'order@qq.com', '订单管理员', '只有订单管理权限', '2020-02-07 16:15:50', null, '1');

-- ----------------------------
-- Table structure for `ums_admin_login_log`
-- ----------------------------
DROP TABLE IF EXISTS `ums_admin_login_log`;
CREATE TABLE `ums_admin_login_log` (
  `id` bigint(20) NOT NULL AUTO_INCREMENT,
  `admin_id` bigint(20) DEFAULT NULL,
  `create_time` datetime DEFAULT NULL,
  `ip` varchar(64) DEFAULT NULL,
  `address` varchar(100) DEFAULT NULL,
  `user_agent` varchar(100) DEFAULT NULL COMMENT '浏览器登录类型',
  PRIMARY KEY (`id`)
) ENGINE=InnoDB AUTO_INCREMENT=199 DEFAULT CHARSET=utf8 COMMENT='后台用户登录日志表';

-- ----------------------------
-- Records of ums_admin_login_log
-- ----------------------------
INSERT INTO `ums_admin_login_log` VALUES ('1', '3', '2018-12-23 14:27:00', '0:0:0:0:0:0:0:1', null, null);
INSERT INTO `ums_admin_login_log` VALUES ('2', '3', '2019-04-07 16:04:39', '0:0:0:0:0:0:0:1', null, null);
INSERT INTO `ums_admin_login_log` VALUES ('3', '3', '2019-04-08 21:47:52', '0:0:0:0:0:0:0:1', null, null);
INSERT INTO `ums_admin_login_log` VALUES ('4', '3', '2019-04-08 21:48:18', '0:0:0:0:0:0:0:1', null, null);
INSERT INTO `ums_admin_login_log` VALUES ('5', '3', '2019-04-18 22:18:40', '0:0:0:0:0:0:0:1', null, null);
INSERT INTO `ums_admin_login_log` VALUES ('6', '3', '2019-04-20 12:45:16', '0:0:0:0:0:0:0:1', null, null);
INSERT INTO `ums_admin_login_log` VALUES ('7', '3', '2019-05-19 14:52:12', '0:0:0:0:0:0:0:1', null, null);
INSERT INTO `ums_admin_login_log` VALUES ('8', '3', '2019-05-25 15:00:17', '0:0:0:0:0:0:0:1', null, null);
INSERT INTO `ums_admin_login_log` VALUES ('9', '3', '2019-06-19 20:11:42', '0:0:0:0:0:0:0:1', null, null);
INSERT INTO `ums_admin_login_log` VALUES ('10', '3', '2019-06-30 10:33:48', '0:0:0:0:0:0:0:1', null, null);
INSERT INTO `ums_admin_login_log` VALUES ('11', '3', '2019-06-30 10:34:31', '0:0:0:0:0:0:0:1', null, null);
INSERT INTO `ums_admin_login_log` VALUES ('12', '3', '2019-06-30 10:35:34', '0:0:0:0:0:0:0:1', null, null);
INSERT INTO `ums_admin_login_log` VALUES ('13', '3', '2019-07-27 17:11:01', '0:0:0:0:0:0:0:1', null, null);
INSERT INTO `ums_admin_login_log` VALUES ('14', '3', '2019-07-27 17:13:18', '0:0:0:0:0:0:0:1', null, null);
INSERT INTO `ums_admin_login_log` VALUES ('15', '3', '2019-07-27 17:15:35', '0:0:0:0:0:0:0:1', null, null);
INSERT INTO `ums_admin_login_log` VALUES ('16', '3', '2019-07-27 17:17:11', '0:0:0:0:0:0:0:1', null, null);
INSERT INTO `ums_admin_login_log` VALUES ('17', '3', '2019-07-27 17:18:34', '0:0:0:0:0:0:0:1', null, null);
INSERT INTO `ums_admin_login_log` VALUES ('18', '3', '2019-07-27 21:21:52', '0:0:0:0:0:0:0:1', null, null);
INSERT INTO `ums_admin_login_log` VALUES ('19', '3', '2019-07-27 21:34:29', '0:0:0:0:0:0:0:1', null, null);
INSERT INTO `ums_admin_login_log` VALUES ('20', '3', '2019-07-27 21:35:17', '0:0:0:0:0:0:0:1', null, null);
INSERT INTO `ums_admin_login_log` VALUES ('21', '3', '2019-07-27 21:35:48', '0:0:0:0:0:0:0:1', null, null);
INSERT INTO `ums_admin_login_log` VALUES ('22', '3', '2019-07-27 21:40:33', '0:0:0:0:0:0:0:1', null, null);
INSERT INTO `ums_admin_login_log` VALUES ('23', '3', '2019-08-18 16:00:38', '0:0:0:0:0:0:0:1', null, null);
INSERT INTO `ums_admin_login_log` VALUES ('24', '3', '2019-08-18 16:01:06', '0:0:0:0:0:0:0:1', null, null);
INSERT INTO `ums_admin_login_log` VALUES ('25', '3', '2019-08-18 16:47:01', '0:0:0:0:0:0:0:1', null, null);
INSERT INTO `ums_admin_login_log` VALUES ('26', '3', '2019-10-06 15:54:23', '0:0:0:0:0:0:0:1', null, null);
INSERT INTO `ums_admin_login_log` VALUES ('27', '3', '2019-10-06 16:03:28', '0:0:0:0:0:0:0:1', null, null);
INSERT INTO `ums_admin_login_log` VALUES ('28', '3', '2019-10-06 16:04:51', '0:0:0:0:0:0:0:1', null, null);
INSERT INTO `ums_admin_login_log` VALUES ('29', '3', '2019-10-06 16:06:44', '0:0:0:0:0:0:0:1', null, null);
INSERT INTO `ums_admin_login_log` VALUES ('30', '3', '2019-10-06 16:14:51', '0:0:0:0:0:0:0:1', null, null);
INSERT INTO `ums_admin_login_log` VALUES ('31', '1', '2019-10-06 16:15:09', '0:0:0:0:0:0:0:1', null, null);
INSERT INTO `ums_admin_login_log` VALUES ('32', '1', '2019-10-06 16:16:14', '0:0:0:0:0:0:0:1', null, null);
INSERT INTO `ums_admin_login_log` VALUES ('33', '3', '2019-10-06 16:16:35', '0:0:0:0:0:0:0:1', null, null);
INSERT INTO `ums_admin_login_log` VALUES ('34', '3', '2019-10-06 16:16:42', '0:0:0:0:0:0:0:1', null, null);
INSERT INTO `ums_admin_login_log` VALUES ('35', '3', '2019-10-07 15:20:48', '0:0:0:0:0:0:0:1', null, null);
INSERT INTO `ums_admin_login_log` VALUES ('36', '3', '2019-10-07 15:40:07', '0:0:0:0:0:0:0:1', null, null);
INSERT INTO `ums_admin_login_log` VALUES ('37', '3', '2019-10-07 16:34:15', '0:0:0:0:0:0:0:1', null, null);
INSERT INTO `ums_admin_login_log` VALUES ('38', '3', '2019-10-09 21:19:08', '0:0:0:0:0:0:0:1', null, null);
INSERT INTO `ums_admin_login_log` VALUES ('39', '4', '2019-10-09 21:30:35', '0:0:0:0:0:0:0:1', null, null);
INSERT INTO `ums_admin_login_log` VALUES ('40', '4', '2019-10-09 21:31:30', '0:0:0:0:0:0:0:1', null, null);
INSERT INTO `ums_admin_login_log` VALUES ('41', '4', '2019-10-09 21:32:39', '0:0:0:0:0:0:0:1', null, null);
INSERT INTO `ums_admin_login_log` VALUES ('42', '4', '2019-10-09 21:33:27', '0:0:0:0:0:0:0:1', null, null);
INSERT INTO `ums_admin_login_log` VALUES ('43', '4', '2019-10-09 21:33:50', '0:0:0:0:0:0:0:1', null, null);
INSERT INTO `ums_admin_login_log` VALUES ('44', '3', '2019-10-20 16:02:53', '0:0:0:0:0:0:0:1', null, null);
INSERT INTO `ums_admin_login_log` VALUES ('45', '3', '2019-10-23 21:20:55', '0:0:0:0:0:0:0:1', null, null);
INSERT INTO `ums_admin_login_log` VALUES ('46', '3', '2019-10-27 21:41:45', '0:0:0:0:0:0:0:1', null, null);
INSERT INTO `ums_admin_login_log` VALUES ('47', '3', '2019-11-09 16:44:57', '0:0:0:0:0:0:0:1', null, null);
INSERT INTO `ums_admin_login_log` VALUES ('48', '3', '2019-11-09 16:46:56', '0:0:0:0:0:0:0:1', null, null);
INSERT INTO `ums_admin_login_log` VALUES ('49', '3', '2019-11-09 16:49:55', '0:0:0:0:0:0:0:1', null, null);
INSERT INTO `ums_admin_login_log` VALUES ('50', '3', '2019-11-23 14:17:16', '0:0:0:0:0:0:0:1', null, null);
INSERT INTO `ums_admin_login_log` VALUES ('51', '6', '2019-11-23 14:52:30', '0:0:0:0:0:0:0:1', null, null);
INSERT INTO `ums_admin_login_log` VALUES ('52', '3', '2019-11-23 15:07:24', '0:0:0:0:0:0:0:1', null, null);
INSERT INTO `ums_admin_login_log` VALUES ('53', '3', '2019-11-30 21:25:30', '192.168.3.185', null, null);
INSERT INTO `ums_admin_login_log` VALUES ('54', '3', '2019-11-30 21:27:54', '192.168.3.185', null, null);
INSERT INTO `ums_admin_login_log` VALUES ('55', '3', '2019-12-28 15:23:01', '0:0:0:0:0:0:0:1', null, null);
INSERT INTO `ums_admin_login_log` VALUES ('56', '3', '2020-01-01 15:21:46', '0:0:0:0:0:0:0:1', null, null);
INSERT INTO `ums_admin_login_log` VALUES ('57', '3', '2020-01-04 16:00:54', '192.168.3.185', null, null);
INSERT INTO `ums_admin_login_log` VALUES ('58', '3', '2020-02-01 15:05:19', '0:0:0:0:0:0:0:1', null, null);
INSERT INTO `ums_admin_login_log` VALUES ('59', '3', '2020-02-01 15:36:05', '0:0:0:0:0:0:0:1', null, null);
INSERT INTO `ums_admin_login_log` VALUES ('60', '3', '2020-02-01 15:36:36', '0:0:0:0:0:0:0:1', null, null);
INSERT INTO `ums_admin_login_log` VALUES ('61', '3', '2020-02-01 15:37:30', '0:0:0:0:0:0:0:1', null, null);
INSERT INTO `ums_admin_login_log` VALUES ('62', '3', '2020-02-01 15:37:46', '0:0:0:0:0:0:0:1', null, null);
INSERT INTO `ums_admin_login_log` VALUES ('63', '3', '2020-02-01 15:38:20', '0:0:0:0:0:0:0:1', null, null);
INSERT INTO `ums_admin_login_log` VALUES ('64', '3', '2020-02-01 15:38:33', '0:0:0:0:0:0:0:1', null, null);
INSERT INTO `ums_admin_login_log` VALUES ('65', '3', '2020-02-01 15:39:06', '0:0:0:0:0:0:0:1', null, null);
INSERT INTO `ums_admin_login_log` VALUES ('66', '3', '2020-02-01 15:41:31', '0:0:0:0:0:0:0:1', null, null);
INSERT INTO `ums_admin_login_log` VALUES ('67', '3', '2020-02-01 15:43:17', '0:0:0:0:0:0:0:1', null, null);
INSERT INTO `ums_admin_login_log` VALUES ('68', '3', '2020-02-01 15:44:34', '0:0:0:0:0:0:0:1', null, null);
INSERT INTO `ums_admin_login_log` VALUES ('69', '3', '2020-02-01 15:45:10', '0:0:0:0:0:0:0:1', null, null);
INSERT INTO `ums_admin_login_log` VALUES ('70', '3', '2020-02-01 15:46:04', '0:0:0:0:0:0:0:1', null, null);
INSERT INTO `ums_admin_login_log` VALUES ('71', '3', '2020-02-01 15:48:33', '0:0:0:0:0:0:0:1', null, null);
INSERT INTO `ums_admin_login_log` VALUES ('72', '3', '2020-02-01 16:00:07', '0:0:0:0:0:0:0:1', null, null);
INSERT INTO `ums_admin_login_log` VALUES ('73', '3', '2020-02-01 16:07:25', '0:0:0:0:0:0:0:1', null, null);
INSERT INTO `ums_admin_login_log` VALUES ('74', '3', '2020-02-01 16:08:22', '0:0:0:0:0:0:0:1', null, null);
INSERT INTO `ums_admin_login_log` VALUES ('75', '3', '2020-02-02 15:28:13', '0:0:0:0:0:0:0:1', null, null);
INSERT INTO `ums_admin_login_log` VALUES ('76', '3', '2020-02-02 15:44:37', '0:0:0:0:0:0:0:1', null, null);
INSERT INTO `ums_admin_login_log` VALUES ('77', '3', '2020-02-02 15:45:25', '0:0:0:0:0:0:0:1', null, null);
INSERT INTO `ums_admin_login_log` VALUES ('78', '3', '2020-02-02 15:52:32', '0:0:0:0:0:0:0:1', null, null);
INSERT INTO `ums_admin_login_log` VALUES ('79', '3', '2020-02-02 15:53:44', '0:0:0:0:0:0:0:1', null, null);
INSERT INTO `ums_admin_login_log` VALUES ('80', '3', '2020-02-02 15:54:36', '0:0:0:0:0:0:0:1', null, null);
INSERT INTO `ums_admin_login_log` VALUES ('81', '3', '2020-02-02 16:01:00', '0:0:0:0:0:0:0:1', null, null);
INSERT INTO `ums_admin_login_log` VALUES ('82', '3', '2020-02-02 16:05:19', '0:0:0:0:0:0:0:1', null, null);
INSERT INTO `ums_admin_login_log` VALUES ('83', '3', '2020-02-02 16:06:31', '0:0:0:0:0:0:0:1', null, null);
INSERT INTO `ums_admin_login_log` VALUES ('84', '3', '2020-02-02 16:17:26', '0:0:0:0:0:0:0:1', null, null);
INSERT INTO `ums_admin_login_log` VALUES ('85', '3', '2020-02-02 16:18:45', '0:0:0:0:0:0:0:1', null, null);
INSERT INTO `ums_admin_login_log` VALUES ('86', '3', '2020-02-02 16:19:05', '0:0:0:0:0:0:0:1', null, null);
INSERT INTO `ums_admin_login_log` VALUES ('87', '3', '2020-02-02 16:19:23', '0:0:0:0:0:0:0:1', null, null);
INSERT INTO `ums_admin_login_log` VALUES ('88', '3', '2020-02-02 16:22:27', '0:0:0:0:0:0:0:1', null, null);
INSERT INTO `ums_admin_login_log` VALUES ('89', '3', '2020-02-02 16:23:30', '0:0:0:0:0:0:0:1', null, null);
INSERT INTO `ums_admin_login_log` VALUES ('90', '3', '2020-02-02 16:23:48', '0:0:0:0:0:0:0:1', null, null);
INSERT INTO `ums_admin_login_log` VALUES ('91', '3', '2020-02-02 16:24:38', '0:0:0:0:0:0:0:1', null, null);
INSERT INTO `ums_admin_login_log` VALUES ('92', '3', '2020-02-02 16:25:22', '0:0:0:0:0:0:0:1', null, null);
INSERT INTO `ums_admin_login_log` VALUES ('93', '3', '2020-02-02 16:26:19', '0:0:0:0:0:0:0:1', null, null);
INSERT INTO `ums_admin_login_log` VALUES ('94', '3', '2020-02-02 16:26:31', '0:0:0:0:0:0:0:1', null, null);
INSERT INTO `ums_admin_login_log` VALUES ('95', '3', '2020-02-02 16:27:08', '0:0:0:0:0:0:0:1', null, null);
INSERT INTO `ums_admin_login_log` VALUES ('96', '3', '2020-02-02 16:31:02', '0:0:0:0:0:0:0:1', null, null);
INSERT INTO `ums_admin_login_log` VALUES ('97', '3', '2020-02-02 16:31:08', '0:0:0:0:0:0:0:1', null, null);
INSERT INTO `ums_admin_login_log` VALUES ('98', '3', '2020-02-02 16:31:25', '0:0:0:0:0:0:0:1', null, null);
INSERT INTO `ums_admin_login_log` VALUES ('99', '3', '2020-02-02 16:31:50', '0:0:0:0:0:0:0:1', null, null);
INSERT INTO `ums_admin_login_log` VALUES ('100', '3', '2020-02-02 16:33:22', '0:0:0:0:0:0:0:1', null, null);
INSERT INTO `ums_admin_login_log` VALUES ('101', '3', '2020-02-02 16:33:41', '0:0:0:0:0:0:0:1', null, null);
INSERT INTO `ums_admin_login_log` VALUES ('102', '3', '2020-02-02 16:34:58', '0:0:0:0:0:0:0:1', null, null);
INSERT INTO `ums_admin_login_log` VALUES ('103', '3', '2020-02-02 16:38:42', '0:0:0:0:0:0:0:1', null, null);
INSERT INTO `ums_admin_login_log` VALUES ('104', '3', '2020-02-02 16:39:41', '0:0:0:0:0:0:0:1', null, null);
INSERT INTO `ums_admin_login_log` VALUES ('105', '3', '2020-02-02 16:42:22', '0:0:0:0:0:0:0:1', null, null);
INSERT INTO `ums_admin_login_log` VALUES ('106', '3', '2020-02-02 16:46:21', '0:0:0:0:0:0:0:1', null, null);
INSERT INTO `ums_admin_login_log` VALUES ('107', '3', '2020-02-02 16:50:23', '0:0:0:0:0:0:0:1', null, null);
INSERT INTO `ums_admin_login_log` VALUES ('108', '3', '2020-02-02 16:51:11', '0:0:0:0:0:0:0:1', null, null);
INSERT INTO `ums_admin_login_log` VALUES ('109', '3', '2020-02-02 16:51:22', '0:0:0:0:0:0:0:1', null, null);
INSERT INTO `ums_admin_login_log` VALUES ('110', '3', '2020-02-02 16:52:00', '0:0:0:0:0:0:0:1', null, null);
INSERT INTO `ums_admin_login_log` VALUES ('111', '3', '2020-02-02 17:01:05', '0:0:0:0:0:0:0:1', null, null);
INSERT INTO `ums_admin_login_log` VALUES ('112', '3', '2020-02-03 10:43:22', '0:0:0:0:0:0:0:1', null, null);
INSERT INTO `ums_admin_login_log` VALUES ('113', '3', '2020-02-03 10:45:29', '0:0:0:0:0:0:0:1', null, null);
INSERT INTO `ums_admin_login_log` VALUES ('114', '3', '2020-02-03 10:46:33', '0:0:0:0:0:0:0:1', null, null);
INSERT INTO `ums_admin_login_log` VALUES ('115', '3', '2020-02-03 10:54:33', '0:0:0:0:0:0:0:1', null, null);
INSERT INTO `ums_admin_login_log` VALUES ('116', '3', '2020-02-03 14:24:47', '0:0:0:0:0:0:0:1', null, null);
INSERT INTO `ums_admin_login_log` VALUES ('117', '3', '2020-02-03 14:25:38', '0:0:0:0:0:0:0:1', null, null);
INSERT INTO `ums_admin_login_log` VALUES ('118', '5', '2020-02-03 15:22:28', '0:0:0:0:0:0:0:1', null, null);
INSERT INTO `ums_admin_login_log` VALUES ('119', '5', '2020-02-03 15:23:00', '0:0:0:0:0:0:0:1', null, null);
INSERT INTO `ums_admin_login_log` VALUES ('120', '5', '2020-02-03 15:24:29', '0:0:0:0:0:0:0:1', null, null);
INSERT INTO `ums_admin_login_log` VALUES ('121', '3', '2020-02-03 15:24:50', '0:0:0:0:0:0:0:1', null, null);
INSERT INTO `ums_admin_login_log` VALUES ('122', '5', '2020-02-03 15:27:18', '0:0:0:0:0:0:0:1', null, null);
INSERT INTO `ums_admin_login_log` VALUES ('123', '3', '2020-02-03 15:27:33', '0:0:0:0:0:0:0:1', null, null);
INSERT INTO `ums_admin_login_log` VALUES ('124', '3', '2020-02-03 15:29:06', '0:0:0:0:0:0:0:1', null, null);
INSERT INTO `ums_admin_login_log` VALUES ('125', '5', '2020-02-03 15:33:25', '0:0:0:0:0:0:0:1', null, null);
INSERT INTO `ums_admin_login_log` VALUES ('126', '3', '2020-02-03 15:33:51', '0:0:0:0:0:0:0:1', null, null);
INSERT INTO `ums_admin_login_log` VALUES ('127', '1', '2020-02-03 15:34:35', '0:0:0:0:0:0:0:1', null, null);
INSERT INTO `ums_admin_login_log` VALUES ('128', '3', '2020-02-03 15:34:47', '0:0:0:0:0:0:0:1', null, null);
INSERT INTO `ums_admin_login_log` VALUES ('129', '3', '2020-02-04 14:14:46', '0:0:0:0:0:0:0:1', null, null);
INSERT INTO `ums_admin_login_log` VALUES ('130', '3', '2020-02-05 10:33:35', '0:0:0:0:0:0:0:1', null, null);
INSERT INTO `ums_admin_login_log` VALUES ('131', '3', '2020-02-05 10:36:21', '0:0:0:0:0:0:0:1', null, null);
INSERT INTO `ums_admin_login_log` VALUES ('132', '3', '2020-02-05 16:34:37', '0:0:0:0:0:0:0:1', null, null);
INSERT INTO `ums_admin_login_log` VALUES ('133', '4', '2020-02-05 16:58:37', '0:0:0:0:0:0:0:1', null, null);
INSERT INTO `ums_admin_login_log` VALUES ('134', '3', '2020-02-05 16:59:03', '0:0:0:0:0:0:0:1', null, null);
INSERT INTO `ums_admin_login_log` VALUES ('135', '3', '2020-02-06 10:25:02', '0:0:0:0:0:0:0:1', null, null);
INSERT INTO `ums_admin_login_log` VALUES ('136', '3', '2020-02-07 14:34:34', '0:0:0:0:0:0:0:1', null, null);
INSERT INTO `ums_admin_login_log` VALUES ('137', '3', '2020-02-07 14:36:20', '0:0:0:0:0:0:0:1', null, null);
INSERT INTO `ums_admin_login_log` VALUES ('138', '1', '2020-02-07 14:43:34', '0:0:0:0:0:0:0:1', null, null);
INSERT INTO `ums_admin_login_log` VALUES ('139', '3', '2020-02-07 15:18:06', '0:0:0:0:0:0:0:1', null, null);
INSERT INTO `ums_admin_login_log` VALUES ('140', '3', '2020-02-07 15:20:07', '0:0:0:0:0:0:0:1', null, null);
INSERT INTO `ums_admin_login_log` VALUES ('141', '3', '2020-02-07 15:22:20', '0:0:0:0:0:0:0:1', null, null);
INSERT INTO `ums_admin_login_log` VALUES ('142', '3', '2020-02-07 15:22:28', '0:0:0:0:0:0:0:1', null, null);
INSERT INTO `ums_admin_login_log` VALUES ('143', '3', '2020-02-07 15:55:11', '0:0:0:0:0:0:0:1', null, null);
INSERT INTO `ums_admin_login_log` VALUES ('144', '3', '2020-02-07 15:56:04', '0:0:0:0:0:0:0:1', null, null);
INSERT INTO `ums_admin_login_log` VALUES ('145', '3', '2020-02-07 15:58:49', '0:0:0:0:0:0:0:1', null, null);
INSERT INTO `ums_admin_login_log` VALUES ('146', '6', '2020-02-07 16:16:21', '0:0:0:0:0:0:0:1', null, null);
INSERT INTO `ums_admin_login_log` VALUES ('147', '7', '2020-02-07 16:16:37', '0:0:0:0:0:0:0:1', null, null);
INSERT INTO `ums_admin_login_log` VALUES ('148', '3', '2020-02-07 16:18:39', '0:0:0:0:0:0:0:1', null, null);
INSERT INTO `ums_admin_login_log` VALUES ('149', '7', '2020-02-07 16:20:06', '0:0:0:0:0:0:0:1', null, null);
INSERT INTO `ums_admin_login_log` VALUES ('150', '3', '2020-02-07 16:20:44', '0:0:0:0:0:0:0:1', null, null);
INSERT INTO `ums_admin_login_log` VALUES ('151', '3', '2020-02-07 16:32:31', '0:0:0:0:0:0:0:1', null, null);
INSERT INTO `ums_admin_login_log` VALUES ('152', '3', '2020-02-07 19:32:34', '0:0:0:0:0:0:0:1', null, null);
INSERT INTO `ums_admin_login_log` VALUES ('153', '3', '2020-02-07 19:32:48', '0:0:0:0:0:0:0:1', null, null);
INSERT INTO `ums_admin_login_log` VALUES ('154', '3', '2020-02-07 19:33:01', '0:0:0:0:0:0:0:1', null, null);
INSERT INTO `ums_admin_login_log` VALUES ('155', '3', '2020-02-07 19:33:06', '0:0:0:0:0:0:0:1', null, null);
INSERT INTO `ums_admin_login_log` VALUES ('156', '3', '2020-02-07 19:33:21', '0:0:0:0:0:0:0:1', null, null);
INSERT INTO `ums_admin_login_log` VALUES ('157', '3', '2020-02-07 19:35:33', '0:0:0:0:0:0:0:1', null, null);
INSERT INTO `ums_admin_login_log` VALUES ('158', '3', '2020-02-07 19:37:10', '0:0:0:0:0:0:0:1', null, null);
INSERT INTO `ums_admin_login_log` VALUES ('159', '3', '2020-02-07 19:37:14', '0:0:0:0:0:0:0:1', null, null);
INSERT INTO `ums_admin_login_log` VALUES ('160', '3', '2020-02-07 19:37:25', '0:0:0:0:0:0:0:1', null, null);
INSERT INTO `ums_admin_login_log` VALUES ('161', '3', '2020-02-07 19:45:41', '0:0:0:0:0:0:0:1', null, null);
INSERT INTO `ums_admin_login_log` VALUES ('162', '3', '2020-02-07 19:47:45', '0:0:0:0:0:0:0:1', null, null);
INSERT INTO `ums_admin_login_log` VALUES ('163', '3', '2020-02-07 20:02:25', '0:0:0:0:0:0:0:1', null, null);
INSERT INTO `ums_admin_login_log` VALUES ('164', '6', '2020-02-07 20:10:55', '0:0:0:0:0:0:0:1', null, null);
INSERT INTO `ums_admin_login_log` VALUES ('165', '6', '2020-02-07 20:11:02', '0:0:0:0:0:0:0:1', null, null);
INSERT INTO `ums_admin_login_log` VALUES ('166', '6', '2020-02-07 20:13:44', '0:0:0:0:0:0:0:1', null, null);
INSERT INTO `ums_admin_login_log` VALUES ('167', '6', '2020-02-07 20:17:14', '0:0:0:0:0:0:0:1', null, null);
INSERT INTO `ums_admin_login_log` VALUES ('168', '3', '2020-02-07 20:17:44', '0:0:0:0:0:0:0:1', null, null);
INSERT INTO `ums_admin_login_log` VALUES ('169', '6', '2020-02-07 20:18:13', '0:0:0:0:0:0:0:1', null, null);
INSERT INTO `ums_admin_login_log` VALUES ('170', '3', '2020-02-10 10:28:14', '0:0:0:0:0:0:0:1', null, null);
INSERT INTO `ums_admin_login_log` VALUES ('171', '3', '2020-02-10 10:45:15', '0:0:0:0:0:0:0:1', null, null);
INSERT INTO `ums_admin_login_log` VALUES ('172', '3', '2020-02-10 10:57:46', '0:0:0:0:0:0:0:1', null, null);
INSERT INTO `ums_admin_login_log` VALUES ('173', '3', '2020-02-10 10:59:06', '0:0:0:0:0:0:0:1', null, null);
INSERT INTO `ums_admin_login_log` VALUES ('174', '3', '2020-02-10 11:04:19', '0:0:0:0:0:0:0:1', null, null);
INSERT INTO `ums_admin_login_log` VALUES ('175', '3', '2020-02-10 11:05:55', '0:0:0:0:0:0:0:1', null, null);
INSERT INTO `ums_admin_login_log` VALUES ('176', '3', '2020-02-10 11:06:45', '0:0:0:0:0:0:0:1', null, null);
INSERT INTO `ums_admin_login_log` VALUES ('177', '3', '2020-02-10 11:07:41', '0:0:0:0:0:0:0:1', null, null);
INSERT INTO `ums_admin_login_log` VALUES ('178', '3', '2020-02-10 11:08:13', '0:0:0:0:0:0:0:1', null, null);
INSERT INTO `ums_admin_login_log` VALUES ('179', '3', '2020-02-10 11:10:02', '0:0:0:0:0:0:0:1', null, null);
INSERT INTO `ums_admin_login_log` VALUES ('180', '6', '2020-02-10 14:25:17', '0:0:0:0:0:0:0:1', null, null);
INSERT INTO `ums_admin_login_log` VALUES ('181', '6', '2020-02-10 14:29:14', '0:0:0:0:0:0:0:1', null, null);
INSERT INTO `ums_admin_login_log` VALUES ('182', '3', '2020-02-10 16:09:16', '0:0:0:0:0:0:0:1', null, null);
INSERT INTO `ums_admin_login_log` VALUES ('183', '3', '2020-02-20 14:39:19', '0:0:0:0:0:0:0:1', null, null);
INSERT INTO `ums_admin_login_log` VALUES ('184', '8', '2020-02-20 17:14:58', '0:0:0:0:0:0:0:1', null, null);
INSERT INTO `ums_admin_login_log` VALUES ('185', '8', '2020-02-20 17:17:04', '0:0:0:0:0:0:0:1', null, null);
INSERT INTO `ums_admin_login_log` VALUES ('186', '8', '2020-02-20 17:17:42', '0:0:0:0:0:0:0:1', null, null);
INSERT INTO `ums_admin_login_log` VALUES ('187', '8', '2020-02-21 10:26:56', '0:0:0:0:0:0:0:1', null, null);
INSERT INTO `ums_admin_login_log` VALUES ('188', '8', '2020-02-21 10:28:54', '0:0:0:0:0:0:0:1', null, null);
INSERT INTO `ums_admin_login_log` VALUES ('189', '8', '2020-02-21 10:32:25', '0:0:0:0:0:0:0:1', null, null);
INSERT INTO `ums_admin_login_log` VALUES ('190', '8', '2020-02-21 10:33:41', '0:0:0:0:0:0:0:1', null, null);
INSERT INTO `ums_admin_login_log` VALUES ('191', '8', '2020-02-21 10:35:58', '0:0:0:0:0:0:0:1', null, null);
INSERT INTO `ums_admin_login_log` VALUES ('192', '8', '2020-02-21 10:36:49', '0:0:0:0:0:0:0:1', null, null);
INSERT INTO `ums_admin_login_log` VALUES ('193', '3', '2020-02-21 11:10:11', '0:0:0:0:0:0:0:1', null, null);
INSERT INTO `ums_admin_login_log` VALUES ('194', '3', '2020-02-25 16:11:13', '0:0:0:0:0:0:0:1', null, null);
INSERT INTO `ums_admin_login_log` VALUES ('195', '3', '2020-02-25 16:46:29', '0:0:0:0:0:0:0:1', null, null);
INSERT INTO `ums_admin_login_log` VALUES ('196', '3', '2020-05-29 09:53:35', '192.168.3.230', null, null);
INSERT INTO `ums_admin_login_log` VALUES ('197', '3', '2020-05-29 10:25:00', '0:0:0:0:0:0:0:1', null, null);
INSERT INTO `ums_admin_login_log` VALUES ('198', '4', '2020-06-02 15:22:10', '0:0:0:0:0:0:0:1', null, null);

-- ----------------------------
-- Table structure for `ums_admin_permission_relation`
-- ----------------------------
DROP TABLE IF EXISTS `ums_admin_permission_relation`;
CREATE TABLE `ums_admin_permission_relation` (
  `id` bigint(20) NOT NULL AUTO_INCREMENT,
  `admin_id` bigint(20) DEFAULT NULL,
  `permission_id` bigint(20) DEFAULT NULL,
  `type` int(1) DEFAULT NULL,
  PRIMARY KEY (`id`)
) ENGINE=InnoDB DEFAULT CHARSET=utf8 COMMENT='后台用户和权限关系表(除角色中定义的权限以外的加减权限)';

-- ----------------------------
-- Records of ums_admin_permission_relation
-- ----------------------------

-- ----------------------------
-- Table structure for `ums_admin_role_relation`
-- ----------------------------
DROP TABLE IF EXISTS `ums_admin_role_relation`;
CREATE TABLE `ums_admin_role_relation` (
  `id` bigint(20) NOT NULL AUTO_INCREMENT,
  `admin_id` bigint(20) DEFAULT NULL,
  `role_id` bigint(20) DEFAULT NULL,
  PRIMARY KEY (`id`)
) ENGINE=InnoDB AUTO_INCREMENT=31 DEFAULT CHARSET=utf8 COMMENT='后台用户和角色关系表';

-- ----------------------------
-- Records of ums_admin_role_relation
-- ----------------------------
INSERT INTO `ums_admin_role_relation` VALUES ('26', '3', '5');
INSERT INTO `ums_admin_role_relation` VALUES ('27', '6', '1');
INSERT INTO `ums_admin_role_relation` VALUES ('28', '7', '2');
INSERT INTO `ums_admin_role_relation` VALUES ('29', '1', '5');
INSERT INTO `ums_admin_role_relation` VALUES ('30', '4', '5');

-- ----------------------------
-- Table structure for `ums_permission`
-- ----------------------------
DROP TABLE IF EXISTS `ums_permission`;
CREATE TABLE `ums_permission` (
  `id` bigint(20) NOT NULL AUTO_INCREMENT,
  `pid` bigint(20) DEFAULT NULL COMMENT '父级权限id',
  `name` varchar(100) DEFAULT NULL COMMENT '名称',
  `value` varchar(200) DEFAULT NULL COMMENT '权限值',
  `icon` varchar(500) DEFAULT NULL COMMENT '图标',
  `type` int(1) DEFAULT NULL COMMENT '权限类型：0->目录；1->菜单；2->按钮（接口绑定权限）',
  `uri` varchar(200) DEFAULT NULL COMMENT '前端资源路径',
  `status` int(1) DEFAULT NULL COMMENT '启用状态；0->禁用；1->启用',
  `create_time` datetime DEFAULT NULL COMMENT '创建时间',
  `sort` int(11) DEFAULT NULL COMMENT '排序',
  PRIMARY KEY (`id`)
) ENGINE=InnoDB AUTO_INCREMENT=19 DEFAULT CHARSET=utf8 COMMENT='后台用户权限表';

-- ----------------------------
-- Records of ums_permission
-- ----------------------------
INSERT INTO `ums_permission` VALUES ('1', '0', '商品', null, null, '0', null, '1', '2018-09-29 16:15:14', '0');
INSERT INTO `ums_permission` VALUES ('2', '1', '商品列表', 'pms:product:read', null, '1', '/pms/product/index', '1', '2018-09-29 16:17:01', '0');
INSERT INTO `ums_permission` VALUES ('3', '1', '添加商品', 'pms:product:create', null, '1', '/pms/product/add', '1', '2018-09-29 16:18:51', '0');
INSERT INTO `ums_permission` VALUES ('4', '1', '商品分类', 'pms:productCategory:read', null, '1', '/pms/productCate/index', '1', '2018-09-29 16:23:07', '0');
INSERT INTO `ums_permission` VALUES ('5', '1', '商品类型', 'pms:productAttribute:read', null, '1', '/pms/productAttr/index', '1', '2018-09-29 16:24:43', '0');
INSERT INTO `ums_permission` VALUES ('6', '1', '品牌管理', 'pms:brand:read', null, '1', '/pms/brand/index', '1', '2018-09-29 16:25:45', '0');
INSERT INTO `ums_permission` VALUES ('7', '2', '编辑商品', 'pms:product:update', null, '2', '/pms/product/updateProduct', '1', '2018-09-29 16:34:23', '0');
INSERT INTO `ums_permission` VALUES ('8', '2', '删除商品', 'pms:product:delete', null, '2', '/pms/product/delete', '1', '2018-09-29 16:38:33', '0');
INSERT INTO `ums_permission` VALUES ('9', '4', '添加商品分类', 'pms:productCategory:create', null, '2', '/pms/productCate/create', '1', '2018-09-29 16:43:23', '0');
INSERT INTO `ums_permission` VALUES ('10', '4', '修改商品分类', 'pms:productCategory:update', null, '2', '/pms/productCate/update', '1', '2018-09-29 16:43:55', '0');
INSERT INTO `ums_permission` VALUES ('11', '4', '删除商品分类', 'pms:productCategory:delete', null, '2', '/pms/productAttr/delete', '1', '2018-09-29 16:44:38', '0');
INSERT INTO `ums_permission` VALUES ('12', '5', '添加商品类型', 'pms:productAttribute:create', null, '2', '/pms/productAttr/create', '1', '2018-09-29 16:45:25', '0');
INSERT INTO `ums_permission` VALUES ('13', '5', '修改商品类型', 'pms:productAttribute:update', null, '2', '/pms/productAttr/update', '1', '2018-09-29 16:48:08', '0');
INSERT INTO `ums_permission` VALUES ('14', '5', '删除商品类型', 'pms:productAttribute:delete', null, '2', '/pms/productAttr/delete', '1', '2018-09-29 16:48:44', '0');
INSERT INTO `ums_permission` VALUES ('15', '6', '添加品牌', 'pms:brand:create', null, '2', '/pms/brand/add', '1', '2018-09-29 16:49:34', '0');
INSERT INTO `ums_permission` VALUES ('16', '6', '修改品牌', 'pms:brand:update', null, '2', '/pms/brand/update', '1', '2018-09-29 16:50:55', '0');
INSERT INTO `ums_permission` VALUES ('17', '6', '删除品牌', 'pms:brand:delete', null, '2', '/pms/brand/delete', '1', '2018-09-29 16:50:59', '0');
INSERT INTO `ums_permission` VALUES ('18', '0', '首页', null, null, '0', null, '1', '2018-09-29 16:51:57', '0');

-- ----------------------------
-- Table structure for `ums_role`
-- ----------------------------
DROP TABLE IF EXISTS `ums_role`;
CREATE TABLE `ums_role` (
  `id` bigint(20) NOT NULL AUTO_INCREMENT,
  `name` varchar(100) DEFAULT NULL COMMENT '名称',
  `description` varchar(500) DEFAULT NULL COMMENT '描述',
  `admin_count` int(11) DEFAULT NULL COMMENT '后台用户数量',
  `create_time` datetime DEFAULT NULL COMMENT '创建时间',
  `status` int(1) DEFAULT '1' COMMENT '启用状态：0->禁用；1->启用',
  `sort` int(11) DEFAULT '0',
  PRIMARY KEY (`id`)
) ENGINE=InnoDB AUTO_INCREMENT=8 DEFAULT CHARSET=utf8 COMMENT='后台用户角色表';

-- ----------------------------
-- Records of ums_role
-- ----------------------------
INSERT INTO `ums_role` VALUES ('1', '商品管理员', '只能查看及操作商品', '0', '2020-02-03 16:50:37', '1', '0');
INSERT INTO `ums_role` VALUES ('2', '订单管理员', '只能查看及操作订单', '0', '2018-09-30 15:53:45', '1', '0');
INSERT INTO `ums_role` VALUES ('5', '超级管理员', '拥有所有查看和操作功能', '0', '2020-02-02 15:11:05', '1', '0');

-- ----------------------------
-- Table structure for `ums_role_permission_relation`
-- ----------------------------
DROP TABLE IF EXISTS `ums_role_permission_relation`;
CREATE TABLE `ums_role_permission_relation` (
  `id` bigint(20) NOT NULL AUTO_INCREMENT,
  `role_id` bigint(20) DEFAULT NULL,
  `permission_id` bigint(20) DEFAULT NULL,
  PRIMARY KEY (`id`)
) ENGINE=InnoDB AUTO_INCREMENT=18 DEFAULT CHARSET=utf8 COMMENT='后台用户角色和权限关系表';

-- ----------------------------
-- Records of ums_role_permission_relation
-- ----------------------------
INSERT INTO `ums_role_permission_relation` VALUES ('1', '1', '1');
INSERT INTO `ums_role_permission_relation` VALUES ('2', '1', '2');
INSERT INTO `ums_role_permission_relation` VALUES ('3', '1', '3');
INSERT INTO `ums_role_permission_relation` VALUES ('4', '1', '7');
INSERT INTO `ums_role_permission_relation` VALUES ('5', '1', '8');
INSERT INTO `ums_role_permission_relation` VALUES ('6', '2', '4');
INSERT INTO `ums_role_permission_relation` VALUES ('7', '2', '9');
INSERT INTO `ums_role_permission_relation` VALUES ('8', '2', '10');
INSERT INTO `ums_role_permission_relation` VALUES ('9', '2', '11');
INSERT INTO `ums_role_permission_relation` VALUES ('10', '3', '5');
INSERT INTO `ums_role_permission_relation` VALUES ('11', '3', '12');
INSERT INTO `ums_role_permission_relation` VALUES ('12', '3', '13');
INSERT INTO `ums_role_permission_relation` VALUES ('13', '3', '14');
INSERT INTO `ums_role_permission_relation` VALUES ('14', '4', '6');
INSERT INTO `ums_role_permission_relation` VALUES ('15', '4', '15');
INSERT INTO `ums_role_permission_relation` VALUES ('16', '4', '16');
INSERT INTO `ums_role_permission_relation` VALUES ('17', '4', '17');
